EventName,CircuitLength_km,NumCorners,NumDRSZones,TrackDirection,AvgSpeed_kmh,ElevationChange_m,DownforceLevel,PitLoss_secs
Bahrain Grand Prix,5.412,15,3,Clockwise,210,16.9,medium,22.9
Saudi Arabian Grand Prix,6.174,27,3,counterclockwise,250,2.8,low,19.2
Australian Grand Prix,5.278,14,4,Clockwise,250,2.6,medium,19.3
Azerbaijan Grand Prix,6.003,20,2,counterclockwise,200,26.8,low,19.7
 Miami Grand Prix,5.412,19,3,counterclockwise,224,7,high,18.8
Monaco Grand Prix,3.337,19,1,Clockwise,150,42,high,19.9
Spanish Grand Prix,4.357,14,2,Clockwise,215,29.6,high,23
Canadian Grand Prix,4.361,14	3	Clockwise	212	5.2	low	18.3
Austrian Grand Prix,4.326,10,3,Clockwise,230,63.5,medium,20
British Grand Prix,5.891,18,2,Clockwise,233,25,high,20
Hungarian Grand Prix,4.381,14,2,Clockwise,200,34.7,high,20.6
 Belgian Grand Prix,7.004,19,2,Clockwise,226,102,medium,18.5
Dutch Grand Prix,4.259,14,2,Clockwise,216,8.9,high,23
Singapore Grand Prix,4.927,23,4,counterclockwise,170,5.3,high,29.1
Italian Grand Prix,5.793,11,2,Clockwise,245,12.9,low,24.3
Japanese Grand Prix,5.807,18,1,Clockwise,328,40.4,high,23.8
Qatar Grand Prix,5.419,16,1,Clockwise,330,4.2,medium,26.3
Mexico City Grand Prix,4.304,17,3,Clockwise,202,2.8,high,21.9
United States Grand Prix,5.513,20,2,counterclockwise,206,41,high,20.6
São Paulo Grand Prix,4.309,15,2,counterclockwise,215,43,medium,20.8
Las Vegas Grand Prix,6.201,17,2,counterclockwise,240,12,low,20
Abu Dhabi Grand Prix,5.281,16,2,counterclockwise,215,10.7,high,21
Emilia Romagna Grand Prix,4.909,19,1,counterclockwise,217,34.4,medium,28.2
Chinese Grand Prix,5.451,16,2,Clockwise,205,8,medium,23.7